Keyword,Cluster,Tipo,Intencion,Prioridad,Volumen KP (rellenar),Competencia KP (rellenar),Posicion GSC (rellenar)
matriz de competencias,Matriz competencias,Short,Informacional,MEDIA,,,
matriz de competencias software,Matriz competencias,Short,Transaccional,ALTA,,,
software matriz de competencias,Matriz competencias,Short,Transaccional,ALTA,,,
matriz de polivalencia,Matriz competencias,Short,Informacional,ALTA,,,
matriz de polivalencia operarios,Matriz competencias,Long,Informacional,ALTA,,,
plantilla matriz de competencias excel,Matriz competencias,Long,Lead magnet,ALTA,,,
plantilla matriz de polivalencia excel gratis,Matriz competencias,Long,Lead magnet,ALTA,,,
matriz de competencias ejemplo,Matriz competencias,Long,Informacional,MEDIA,,,
matriz ILUO,Matriz competencias,Long,Informacional,ALTA,,,
gestión de polivalencia en producción,Matriz competencias,Long,Informacional,MEDIA,,,
matriz de habilidades operarios fábrica,Matriz competencias,Long,Informacional,MEDIA,,,
software gestión de competencias industria,Matriz competencias,Long,Transaccional,ALTA,,,
instrucciones de trabajo,SOP / Instrucciones,Short,Informacional,BAJA,,,
instrucciones de trabajo digitales,SOP / Instrucciones,Short,Mixta,MEDIA,,,
software instrucciones de trabajo,SOP / Instrucciones,Short,Transaccional,MEDIA,,,
instrucciones de trabajo paso a paso fábrica,SOP / Instrucciones,Long,Informacional,ALTA,,,
cómo hacer instrucciones de trabajo,SOP / Instrucciones,Long,Informacional,ALTA,,,
plantilla instrucción de trabajo,SOP / Instrucciones,Long,Lead magnet,ALTA,,,
procedimientos operativos estándar SOP español,SOP / Instrucciones,Long,Informacional,MEDIA,,,
digitalizar instrucciones de trabajo papel,SOP / Instrucciones,Long,Transaccional,ALTA,,,
estandarización de procesos producción pyme,SOP / Instrucciones,Long,Informacional,MEDIA,,,
instrucciones de trabajo en vídeo,Vídeo + QR,Long,Mixta,ALTA,,,
código QR en máquinas industriales,Vídeo + QR,Long,Informacional,ALTA,,,
QR instrucciones máquina taller,Vídeo + QR,Long,Transaccional,ALTA,,,
vídeos formación operarios máquinas,Vídeo + QR,Long,Mixta,ALTA,,,
documentar procesos con vídeo fábrica,Vídeo + QR,Long,Informacional,ALTA,,,
manual de máquina digital QR,Vídeo + QR,Long,Transaccional,MEDIA,,,
fuga de conocimiento empresa industrial,Conocimiento / relevo,Long,Informacional,ALTA,,,
relevo generacional en la industria,Conocimiento / relevo,Long,Informacional,ALTA,,,
jubilación operarios pérdida conocimiento,Conocimiento / relevo,Long,Informacional,MEDIA,,,
cómo retener el conocimiento de empleados que se jubilan,Conocimiento / relevo,Long,Informacional,ALTA,,,
gestión del conocimiento en planta producción,Conocimiento / relevo,Long,Informacional,MEDIA,,,
transferencia de conocimiento operarios,Conocimiento / relevo,Long,Informacional,MEDIA,,,
onboarding operarios producción,Formación operarios,Long,Informacional,ALTA,,,
formación en el puesto de trabajo industria,Formación operarios,Long,Informacional,MEDIA,,,
software formación operarios planta,Formación operarios,Long,Transaccional,MEDIA,,,
reducir tiempo de formación nuevos operarios,Formación operarios,Long,Informacional,ALTA,,,
plan de acogida operario fábrica plantilla,Formación operarios,Long,Lead magnet,MEDIA,,,
TWI training within industry español,Formación operarios,Long,Informacional,MEDIA,,,
checklist digital producción,Checklists / partes,Long,Transaccional,MEDIA,,,
checklist arranque de producción,Checklists / partes,Long,Informacional,MEDIA,,,
partes de trabajo digitales taller,Checklists / partes,Long,Transaccional,BAJA,,,
eliminar papel en planta de producción,Checklists / partes,Long,Informacional,ALTA,,,
digitalizar pyme industrial,Digitalización / anti-MES,Long,Informacional,ALTA,,,
cómo digitalizar un taller,Digitalización / anti-MES,Long,Informacional,ALTA,,,
software para taller industrial,Digitalización / anti-MES,Short,Transaccional,MEDIA,,,
qué es un MES y cuándo lo necesitas,Digitalización / anti-MES,Long,Informacional,ALTA,,,
alternativa MES para pymes,Digitalización / anti-MES,Long,Transaccional,ALTA,,,
MES barato pyme,Digitalización / anti-MES,Long,Transaccional,MEDIA,,,
software control de producción sencillo,Digitalización / anti-MES,Long,Transaccional,MEDIA,,,
industria 4.0 para pymes,Digitalización / anti-MES,Short,Informacional,BAJA,,,
kit digital industria software,Digitalización / anti-MES,Long,Transaccional,MEDIA,,,
preparar auditoría ISO 9001 producción,Calidad / auditorías,Long,Informacional,MEDIA,,,
control de calidad documentado planta,Calidad / auditorías,Long,Informacional,BAJA,,,
trazabilidad de formaciones operarios ISO,Calidad / auditorías,Long,Informacional,MEDIA,,,
alternativa a Azumuta español,Comparativas,Long,Transaccional,ALTA,,,
Mercateam alternativas,Comparativas,Long,Transaccional,ALTA,,,
Tulip vs Azumuta español,Comparativas,Long,Transaccional,MEDIA,,,
Mapex precio,Comparativas,Long,Transaccional,ALTA,,,
